Title,Release,BPM,ENERGY,DANCE,LOUD,VALENCE
Sanguine Paradise,2019-04-09,0.65,0.11,0.63,0.43,-1.20
Clout (feat. Cardi B),2019-02-22,0.82,0.19,1.76,0.43,-0.30
Suge,2019-03-01,-1.43,0.36,1.52,0.63,1.52
That's a Rack,2019-04-09,0.82,-0.60,1.35,0.24,-0.99
Homicide,2019-05-03,0.82,0.78,0.57,0.63,1.35
Swervin (feat. 6ix9ine),2018-12-21,-0.81,0.36,-0.27,0.83,-0.25
Floating (feat. 21 Savage),2019-04-26,0.82,-0.10,1.70,0.83,0.22
MIDDLE CHILD,2019-01-23,0.26,-0.89,1.29,-0.56,-0.12
Pure Water (with Migos),2019-01-16,2.96,-0.06,0.33,0.63,-1.51
Faucet Failure,2018-11-30,-0.56,-0.10,1.88,0.04,0.57
Envy Me,2018-12-13,1.13,-0.39,-0.39,0.24,0.40
Pop Out (feat. Lil Tjay),2019-02-07,-1.12,0.19,1.41,0.43,-1.03
Feeling,2019-03-08,1.51,-0.22,0.51,0.63,0.31
Red Room,2019-02-14,-0.15,-0.06,1.88,0.04,0.14
Going Bad (feat. Drake),2018-11-30,-1.05,-0.31,1.58,0.63,0.22
Legacy (feat. Travis Scott & 21 Savage),2019-02-22,0.40,-0.27,1.29,0.04,-0.64
Go Loko,2019-05-03,-0.53,0.40,1.52,0.83,-1.51
Shotta Flow,2019-01-17,0.13,-0.60,1.58,0.43,-0.17
Mixed Personalities (feat. Kanye West),2019-01-18,1.16,-0.56,0.21,0.04,-0.60
a lot,2018-12-21,1.03,0.28,1.29,0.24,-0.94
Goddamn (feat. A Boogie wit da Hoodie),2019-04-15,-0.39,-0.01,1.94,0.63,-0.30
Make Believe,2019-03-08,-1.12,1.11,-0.93,1.03,0.79
"West Coast (feat. Blueface, ALLBLACK & YG)",2019-03-28,-0.63,0.86,1.52,0.83,1.39
Wow. - Remix,2019-03-15,-0.56,0.28,1.05,0.63,0.01
CHopstix (with Travis Scott),2019-04-08,0.40,0.11,2.00,0.43,0.53
"Enzo (with Sheck Wes, feat. Offset, 21 Savage & Gucci Mane)",2019-04-24,0.13,0.65,0.99,1.03,-1.25
Slide (feat. Blueface & Lil Tjay),2019-04-16,-0.70,0.53,-0.57,1.03,0.44
Put a Date On It (feat. Lil Baby),2019-01-25,0.47,0.36,1.29,0.63,0.40
Act Up,2018-11-16,-0.67,0.28,1.88,0.83,-0.77
Light It Up,2019-04-25,-0.56,0.24,1.11,1.03,0.48
Triggered (freestyle),2019-05-08,-0.94,-0.68,-0.93,0.04,-0.56
Come Closer (feat. Queen Naija),2018-12-21,0.82,-0.06,0.69,0.43,0.57
24/7 (feat. Ella Mai),2018-11-30,-1.01,0.57,0.21,0.83,-0.51
RPG (feat. 6lack),2019-02-22,0.58,-0.18,0.81,0.43,1.00
Imported (with 6LACK),2019-04-09,-0.18,0.28,0.63,1.03,-0.56
Good To Ya (feat. Ty Dolla $ign),2019-03-29,-0.70,0.28,0.45,1.03,0.18
Chi Chi (feat. Chris Brown),2019-02-04,-0.22,-0.10,0.69,0.63,-0.90
Lies (feat. Ty Dolla $ign & YG),2019-04-26,-0.77,-0.31,0.93,0.63,-1.16
Please Me,2019-02-15,0.61,-0.01,0.75,0.43,0.70
Nowhere To Run,2019-03-22,2.30,0.32,0.57,0.63,1.00
Feelings (feat. H.E.R.),2019-03-15,0.30,0.65,-0.75,0.63,-0.73
Honesty,2018-10-12,-1.26,-1.56,-0.03,-0.36,-0.30
Pretty Little Fears (feat. J. Cole),2018-09-14,2.61,-0.43,-0.09,-0.36,-1.16
Hope You’re Happy,2019-05-03,-1.26,-0.06,-0.03,0.43,-0.81
Waves (feat. 6LACK),2018-11-15,-1.29,0.07,-0.27,0.83,-0.81
You (Remix feat. Rick Ross),2019-04-12,2.06,0.36,-1.59,0.43,-0.69
Girls Need Love (with Drake) - Remix,2019-02-10,-0.67,-0.60,0.21,0.04,-1.72
Shea Butter Baby (with J. Cole),2018-11-16,1.34,0.15,0.45,1.03,-1.90
Locationships,2019-01-28,0.68,-0.39,0.57,0.04,0.87
Could've Been (feat. Bryson Tiller),2018-08-03,-0.43,-1.02,-0.45,-0.56,-0.38
Ecstasy (feat. Jeremih),2019-01-25,-0.43,-0.52,1.58,0.24,0.66
Fallin' (feat. Russ),2018-12-14,0.82,-0.52,0.39,1.03,-1.25
Roll Some Mo,2018-10-24,-1.43,-0.27,-1.29,0.04,-0.51
Distant,2018-11-17,1.44,-0.01,-1.53,-0.56,0.01
FYT (feat. French Montana),2018-10-26,-0.94,-0.52,0.09,0.04,0.27
Better,2018-10-19,-0.63,0.07,0.45,-0.16,-1.64
Fear Not Of Man,1999-10-12,-0.63,1.07,0.93,0.43,1.87
Hip Hop,1999-10-12,-0.91,1.20,-0.21,0.83,1.31
Love,1999-10-12,-0.74,0.28,0.45,0.24,-0.51
Ms. Fat Booty,1999-10-12,-0.91,0.07,0.93,0.83,1.65
Speed Law,1999-10-12,-0.63,0.40,1.05,0.24,0.87
Do It Now,1999-10-12,-0.77,0.74,0.45,0.63,1.61
Got,1999-10-12,-0.81,0.53,0.69,0.24,0.35
UMI Says,1999-10-12,0.16,0.40,0.57,-0.16,0.35
New World Water,1999-10-12,-0.56,0.99,0.99,0.24,0.79
Rock N Roll,1999-10-12,-0.67,1.15,0.63,0.63,0.74
Know That,1999-10-12,-0.88,1.11,0.57,0.43,0.66
Climb,1999-10-12,-1.01,-0.01,-1.41,-0.16,0.40
Brooklyn,1999-10-12,-0.74,1.32,-0.75,0.63,0.79
Habitat,1999-10-12,-0.70,0.61,1.05,0.24,1.87
Mr. Nigga,1999-10-12,-0.12,1.03,-0.27,0.63,1.18
Mathematics,1999-10-12,-0.77,0.74,0.75,0.63,1.48
May-December,1999-10-12,-0.84,0.44,1.23,0.43,0.53
Yesterday,2016-08-12,1.99,-0.14,-0.99,0.04,-0.08
Sunny Duet (feat. the Mind),2016-08-12,1.37,-0.47,-0.39,-0.16,1.78
Diddy Bop (feat. Cam O'bi & Raury),2016-08-12,-1.22,-0.31,0.09,0.43,0.74
All I Need (feat. Xavier Omär),2016-08-12,-0.84,-0.89,0.15,-0.16,0.05
Reality Check (feat. Akenya & Eryn Allen Kane),2016-08-12,-0.74,-0.22,0.57,-0.16,0.74
Freedom (Interlude),2016-08-12,-0.81,0.61,0.87,-0.36,1.18
Casket Pretty,2016-08-12,-0.43,-0.35,-0.09,-0.36,0.05
Forever (feat. Joseph Chilliams & Ravyn Lenae),2016-08-12,-0.08,0.36,0.27,-0.16,1.82
Bye Bye Baby,2016-08-12,-1.15,-0.81,-0.63,-0.76,0.05
"Shadow Man (feat. Phoelix, Smino & Saba)",2016-08-12,-0.81,-0.52,-0.09,0.43,-0.21
Frequency Change,2018-11-26,-1.60,-0.27,0.03,-1.55,1.26
Slick Talk,2018-11-26,-1.32,1.28,-0.69,0.83,-0.17
Westbrook (with A$AP Ferg),2018-11-26,-0.88,0.86,-0.03,1.03,-0.25
Off Deez (with J. Cole),2018-11-26,-1.08,0.03,1.29,0.63,-0.25
151 Rum,2018-11-26,0.47,1.24,0.81,1.03,0.79
Off Da Zoinkys,2018-11-26,0.75,0.24,0.51,0.43,-0.51
Workin Out,2018-11-26,0.37,-0.01,1.17,0.24,0.31
Tiiied (feat. 6LACK & Ella Mai),2018-11-26,-0.67,0.28,-0.21,0.24,-1.68
Skrawberries (feat. BJ The Chicago Kid),2018-11-26,-1.22,0.82,-0.09,1.03,0.09
Hot Box (feat. Method Man & Joey Bada$$),2018-11-26,-1.29,0.53,0.69,0.24,0.66
Mounted Up,2018-11-26,-0.29,0.15,0.69,0.24,-0.12
Just Da Other Day,2018-11-26,-0.60,-0.18,1.17,0.43,-1.85
Despacito Too,2018-11-26,0.96,0.57,0.15,0.43,-0.47
Hasta Luego - Bonus,2018-11-26,0.82,-0.27,0.87,0.43,-0.81
In Loving Memory,2016-10-27,1.99,0.03,-0.99,-0.16,0.53
Stoney,2016-10-27,1.47,0.28,0.69,0.43,0.92
GPS,2016-10-27,1.37,0.49,0.39,0.83,-0.08
Church / Liquor Store,2016-10-27,-1.05,-0.27,0.21,0.63,1.13
Westside Bound 3,2016-10-27,1.13,0.24,0.99,0.43,0.44
MOST,2016-10-27,-0.29,-0.39,0.75,0.04,0.09
Symmetry,2016-10-27,0.13,-0.27,0.75,-0.36,0.96
Photosynthesis,2016-10-27,-0.18,0.36,0.93,0.24,0.61
The Billy Williams Story,2016-10-27,0.13,0.15,-0.45,0.43,-0.86
Bucket List,2016-10-27,0.96,-0.10,0.93,0.63,-1.33
American Hypnosis,2016-10-27,-0.01,1.28,0.51,0.63,-0.30
California,2016-10-27,-0.63,0.53,-0.81,0.43,-1.16
World In My Hands,2016-10-27,0.68,0.49,1.17,0.83,-0.38
Momma's Calling,2014-06-24,1.27,1.03,-0.69,1.03,-1.55
Fire Kicking Tree Limbs (feat. Money Makin Nique),2014-06-24,-1.15,1.49,0.45,1.03,1.26
Ultra Rare,2014-06-24,1.16,1.45,-0.21,0.83,1.18
No Peace,2014-06-24,0.78,0.90,-0.39,0.83,1.09
Bitchxs Tumbl,2014-06-24,-1.22,1.41,-0.69,0.43,0.53
Machete,2014-06-24,0.82,1.03,0.57,0.63,1.18
Bill Campbell's Soup,2014-06-24,-1.50,0.70,-0.39,0.83,0.27
Apophis (Welcome to America),2014-06-24,0.61,1.24,-0.45,0.43,0.35
UFOs (feat. Marian Mereba),2014-06-24,-0.91,0.03,-1.35,0.24,-1.29
Microscopic Dinosaurs,2014-06-24,-1.43,0.11,0.63,0.24,-0.21
16 Albinos in the S.W.A.T.S.,2014-06-24,1.13,1.49,-0.93,0.63,0.57
Exactly (feat. J.I.D),2014-06-24,0.96,1.24,-0.75,0.43,1.52
Sweet Haste (feat. Hollywood JB),2014-06-24,-1.32,1.24,-0.57,0.63,0.53
The F Bomb,2014-06-24,0.47,0.86,-0.39,1.23,-1.33
Robots,2017-10-06,1.03,0.19,0.33,0.24,1.00
Tokyo Files,2014-12-09,-1.39,1.24,-1.23,1.03,-0.56
Hereditary,2014-01-28,-0.63,0.70,-0.57,0.43,1.09
La La La La,2016-10-21,-0.05,-1.60,-0.51,-0.36,-1.64
A.D.H.D,2011-07-02,1.44,0.95,-0.09,0.43,0.40
Somebody,2017-03-10,-1.39,-0.06,-0.33,0.04,0.09
Excuse Me,2015-05-26,0.20,0.57,0.15,0.24,-0.34
What's the Use?,2018-08-03,-0.39,-0.35,0.81,-0.16,0.31
91 Cadillac DeVille,2017-09-29,-1.01,0.61,-0.93,-0.36,1.26
Status Symbol 3 (feat. Buddy),2018-02-16,0.82,1.03,0.51,1.23,0.48
Sunday,2013-08-16,0.71,-0.01,0.57,0.04,1.82
Droppin' Seeds,2017-07-21,-1.08,-0.18,-1.35,-0.56,-0.34
Effected,2018-02-13,-0.84,0.82,0.81,0.83,0.01
745,2017-06-23,0.09,-0.39,0.99,-0.16,-1.16
Dreamcatcher (feat. Swae Lee & Travis Scott),2018-11-06,1.99,-1.43,0.33,-0.16,-1.68
HIPPOPOTAMUS,2019-01-11,0.82,0.86,1.11,0.63,2.08
gun smoke,2018-12-21,-1.05,-0.47,1.11,0.63,-0.69
Ready (feat. Gunna),2018-11-30,-1.36,-0.72,0.99,0.63,-1.55
Call Me,2017-07-21,1.85,-0.72,0.27,0.04,-1.51
PICK IT UP (feat. A$AP Rocky),2017-10-20,0.68,-0.43,1.76,0.24,-0.86
Roaches,2018-01-12,-1.19,0.03,1.05,0.63,-0.69
Foot Fungus,2018-11-30,-0.94,0.19,1.52,-0.16,1.13
Realer N Realer,2018-10-19,1.09,-0.43,0.63,0.63,-0.51
Lil Boat,2018-11-16,1.16,0.40,0.81,1.03,0.44
Look Alive (feat. Drake),2018-02-09,0.82,0.03,1.76,0.43,0.48
Doves In The Wind,2017-06-09,0.71,0.57,0.39,1.03,0.57
This Time,2012-01-01,-0.15,1.15,-0.99,0.83,0.31
Let Me Down,2018-01-12,0.13,-0.31,-0.45,0.24,-1.42
Only Wanna Give It To You,2012-08-03,-0.63,0.74,0.57,1.03,0.79
Jukai,2017-09-22,1.03,-0.85,-1.17,-0.16,-1.46
At Your Best (You Are Love),1994-05-22,-1.32,-0.56,0.03,-0.36,0.31
Cross My Mind,2004-08-31,1.03,-1.35,1.46,-0.16,-0.43
Take A Byte,2018-04-27,-0.46,-0.06,0.51,0.24,-1.07
Rose In Harlem,2018-06-23,0.96,-0.01,-0.51,0.83,-0.60
When You Touch Me,2002-02-25,-0.08,0.15,0.33,0.63,-0.04
My Hubby Lit,2018-04-13,-1.43,-0.27,0.75,0.04,-0.08
Foolish,2002-01-01,-0.94,0.65,-0.87,0.63,0.87
Motivation,2011-01-01,0.85,0.40,0.57,0.63,-0.94
The Kids Are Alright,2018-03-23,0.13,-0.35,-0.51,0.43,0.01
Why Don't We Fall in Love,2002-07-30,-0.91,0.82,-0.45,0.43,0.70
Dj Lindany (Fearless Boys),2018-05-10,0.20,1.57,0.33,0.04,-0.99
All Alone,2018-05-10,0.20,0.40,0.69,-0.16,-0.25
Muyè (Black Coffee Remix),2018-05-10,0.20,1.07,-0.33,-0.76,-1.94
Kalaa,2018-05-10,0.20,1.03,1.05,-1.35,-1.51
Who Is Themba,2018-05-10,0.20,1.36,0.69,0.04,0.57
The Pap,2014-10-06,0.30,-0.43,1.23,0.43,-0.81
Dominae,2019-04-26,0.26,0.70,0.63,0.04,-0.47
Tshimira,2015-12-11,0.30,0.44,0.93,0.24,0.87
Nana,2017-08-18,0.30,-0.31,1.11,-0.16,0.09
Reflection,2016-03-25,0.23,0.90,1.11,0.04,1.65
The Rapture Pt.II,2018-11-23,0.13,1.32,1.05,0.24,-1.77
Makhe (feat. Moonchild Sanelly),2017-11-17,0.30,0.57,1.88,0.43,-0.43
Sawtooth Orchestra,2018-10-12,0.23,0.24,0.87,-0.36,-0.99
Kelaya,2018-03-20,0.23,1.03,0.63,-0.36,0.92
What To Do - &ME Remix,2018-10-26,0.20,0.65,1.64,-0.16,-0.34
Silk...,2018-09-07,-1.05,-2.10,-1.83,-2.74,-0.90
I Had A Vision,2018-09-07,-0.94,0.32,-0.09,0.43,0.22
Lavish Lullaby,2018-09-07,1.06,0.36,1.29,0.63,1.43
Old Age,2018-09-07,-0.98,-0.47,0.81,0.63,0.27
Prone,2018-09-07,-1.08,-0.10,1.05,0.43,1.48
Sugar Walls,2018-09-07,-1.01,-0.18,0.03,-0.16,1.05
Queen Tings,2018-09-07,-0.98,-0.47,1.17,0.63,0.18
Just A Little,2018-09-07,-0.53,0.07,-0.33,0.24,0.18
Shawty Fishin' (Blame The Net),2018-09-07,1.03,1.32,0.99,0.63,0.92
Lady Lady,2018-09-07,-0.60,0.40,0.09,0.83,-0.08
24 Hr. Relationship,2018-09-07,-1.19,-1.31,-0.51,-1.75,-0.34
Black Love,2018-09-07,-1.36,0.74,-1.77,0.04,-0.43
Tadow,2018-09-07,0.20,-0.35,0.45,0.63,-0.77
Tadow - Extended Version,2018-09-07,0.20,-0.60,-0.45,0.43,-1.20
BAD NEWS,2019-04-18,0.89,0.44,0.21,0.63,1.48
SLOW DANCING IN THE DARK,2018-09-12,-0.94,-0.39,-0.63,0.43,-0.90
I Wish I Missed My Ex,2018-05-31,-0.74,0.19,0.33,0.83,0.22
Hydrocodone,2019-04-02,0.13,0.19,0.87,0.83,-0.17
Elastic,2018-09-13,-0.18,-0.56,2.06,0.83,0.31
SANTA MONICA,2019-01-30,1.03,0.40,0.51,0.63,0.57
Saturn,2019-03-15,0.82,-0.97,0.81,-0.36,-0.47
Fuck,2019-04-12,0.47,-0.35,1.23,0.24,-1.64
Devil,2019-02-08,1.65,0.65,0.03,0.63,0.87
bad guy,2019-03-29,0.65,-0.60,0.45,-0.36,0.31
SUNDOWN,2018-08-03,-0.84,0.74,1.17,0.63,0.92
Napkins,2018-02-23,0.96,-0.56,0.75,0.04,0.74
GO FOR IT,2019-02-26,1.09,-0.10,-0.81,-0.16,-0.30
Lost Cause//,2018-10-26,-0.01,-0.18,1.11,-0.16,0.27
Wasted Time,2019-03-25,-1.43,0.40,0.33,0.63,0.18
Sunflower,2017-03-22,0.47,0.82,-1.47,1.03,0.35
Tangerine Dream,2018-10-05,0.23,-0.72,0.27,-0.95,0.96
Alien Boy,2018-02-16,0.47,0.11,1.05,0.83,-0.04
Ambitionz Az A Ridah,1996-02-13,-1.01,1.41,1.05,0.43,1.39
All About U,1996-02-13,-0.46,0.90,1.41,1.03,1.22
Skandalouz,1996-02-13,-0.81,1.45,0.51,0.83,1.39
Got My Mind Made Up,1996-02-13,-0.81,1.36,1.11,0.83,1.61
How Do You Want It,1996-02-13,-0.84,1.11,0.81,1.03,1.13
2 Of Amerikaz Most Wanted,1996-02-13,-0.60,1.36,1.41,0.83,1.61
No More Pain,1996-02-13,-1.36,1.41,0.57,0.63,1.61
Heartz Of Men,1996-02-13,-0.84,0.82,0.99,0.63,0.27
Life Goes On,1996-02-13,1.44,1.11,0.39,0.83,0.18
Only God Can Judge Me,1996-02-13,-0.91,0.86,1.05,0.63,1.35
Tradin War Stories,1996-02-13,-1.01,0.95,0.33,0.63,0.05
California Love (remix),1996-02-13,-0.84,1.11,0.09,1.03,0.74
I Ain't Mad At Cha,1996-02-13,-1.08,0.44,0.75,0.63,0.79
Whatz Ya Phone #,1996-02-13,0.13,1.57,-0.45,0.83,0.96
Can't C Me,1996-02-13,-0.74,1.15,1.05,1.42,0.79
Shorty Wanna Be A Thug,1996-02-13,-0.91,0.61,1.11,1.03,-0.60
Holla At Me,1996-02-13,-0.50,1.49,0.57,1.23,0.27
Wonda Why They Call U B____,1996-02-13,-0.53,1.28,0.99,1.23,-0.12
When We Ride,1996-02-13,2.30,1.11,0.45,0.83,0.53
Thug Passion,1996-02-13,-0.84,0.95,0.87,1.03,0.79
Picture Me Rollin',1996-02-13,-0.70,0.78,1.23,0.83,-0.17
Check Out Time,1996-02-13,-0.77,0.53,1.05,1.03,0.48
Ratha Be Ya N____,1996-02-13,-1.08,-0.06,0.63,0.63,0.35
All Eyez On Me,1996-02-13,-0.81,0.61,1.46,0.63,1.61
Run Tha Streetz,1996-02-13,1.75,0.90,0.99,1.03,1.00
Ain't Hard 2 Find,1996-02-13,-0.91,1.24,0.81,1.03,0.14
Heaven Ain't Hard 2 Find,1996-02-13,1.99,1.03,0.93,0.83,1.52
Holler If Ya' Hear Me,1993-02-16,-0.18,0.65,1.11,-0.36,1.18
Pac's Theme,1993-02-16,-0.36,0.07,0.63,-0.56,0.96
Point The Finga,1993-02-16,-0.60,0.03,1.11,-0.95,0.66
Something 2 Die 4,1993-02-16,-1.26,-1.35,-0.03,-1.55,-0.34
Last Wordz,1993-02-16,-0.25,0.61,0.81,-0.76,0.40
Souljah's Revenge,1993-02-16,-0.74,0.61,1.17,-0.95,-0.60
Peep Game,1993-02-16,-0.56,0.44,0.57,-0.76,0.92
Strugglin',1993-02-16,-0.39,1.28,1.35,-0.36,1.31
Guess Who's Back,1993-02-16,-0.63,0.49,1.29,-0.36,-0.69
Representin' 93,1993-02-16,-0.94,0.07,1.41,-0.56,0.09
Keep Ya Head Up,1993-02-16,-1.05,0.65,0.09,0.43,0.53
Strictly 4 My N.I.G.G.A.Z...,1993-02-16,-1.15,-0.14,0.45,-0.76,-0.25
The Streetz R Deathrow,1993-02-16,-0.88,0.40,0.99,-0.56,0.18
I Get Around,1993-02-16,-0.70,-0.64,1.35,-0.95,0.57
Papa'z Song,1993-02-16,1.92,-0.31,0.57,-1.15,0.57
5 Deadly Venomz,1993-02-16,-0.63,0.57,1.41,0.04,0.40
BLOOD.,2017-04-14,1.41,-1.39,-1.59,-1.55,0.01
DNA.,2017-04-14,0.82,-0.22,0.09,0.43,-0.30
YAH.,2017-04-14,-1.60,0.53,0.27,0.24,0.70
ELEMENT.,2017-04-14,2.55,0.57,0.75,0.83,-0.04
FEEL.,2017-04-14,-0.22,0.95,0.75,0.24,0.27
LOYALTY. FEAT. RIHANNA.,2017-04-14,-0.18,-0.14,0.21,0.04,-0.30
PRIDE.,2017-04-14,0.78,-0.14,0.27,0.43,-0.51
HUMBLE.,2017-04-14,1.16,0.19,1.70,0.43,-0.30
LUST.,2017-04-14,-0.77,-0.06,0.33,0.04,0.35
LOVE. FEAT. ZACARI.,2017-04-14,0.33,0.07,1.05,0.43,1.26
XXX. FEAT. U2.,2017-04-14,1.85,0.19,-0.33,0.43,-0.86
FEAR.,2017-04-14,1.16,-0.39,-0.21,0.43,-0.25
GOD.,2017-04-14,0.58,-0.06,0.51,0.63,-1.20
DUCKWORTH.,2017-04-14,2.03,0.65,-0.45,0.43,0.61
Wesley's Theory,2015-03-16,-0.08,0.90,-0.69,0.43,0.09
For Free? - Interlude,2015-03-16,0.44,1.36,-0.57,0.83,1.13
King Kunta,2015-03-16,-0.32,0.36,1.52,0.83,0.01
Institutionalized,2015-03-16,-1.22,0.65,-0.51,0.83,0.35
These Walls,2015-03-16,-0.29,-0.35,0.75,0.83,-0.51
u,2015-03-16,-1.53,0.95,-1.29,0.63,0.40
Alright,2015-03-16,-0.22,0.82,1.05,0.63,0.31
For Sale? - Interlude,2015-03-16,-1.29,0.49,-1.94,0.24,-0.90
Momma,2015-03-16,-0.15,0.70,-0.03,0.83,0.14
Hood Politics,2015-03-16,-0.98,0.36,0.63,0.43,-0.51
How Much A Dollar Cost,2015-03-16,-0.98,0.65,-0.03,0.83,-0.69
Complexion (A Zulu Love),2015-03-16,-0.91,-0.06,0.27,0.24,-0.51
The Blacker The Berry,2015-03-16,2.06,1.15,-0.45,1.03,-0.94
You Ain't Gotta Lie (Momma Said),2015-03-16,-0.77,0.28,-1.11,0.83,0.79
i,2015-03-16,0.13,0.99,-0.51,1.03,1.13
Mortal Man,2015-03-16,-1.01,-0.18,-0.33,0.04,-0.30
Sherane a.k.a Master Splinter’s Daughter,2012,-1.19,-0.27,-0.75,-0.36,-0.73
"Bitch, Don’t Kill My Vibe",2012,0.61,0.53,-0.21,0.04,-1.68
Backseat Freestyle,2012,-1.32,0.32,-0.45,0.24,0.70
The Art of Peer Pressure,2012,-0.74,0.15,-0.39,0.04,-0.34
Money Trees,2012,-1.53,-0.18,0.57,0.43,-0.64
Poetic Justice,2012,0.68,-0.01,0.93,-0.16,0.70
good kid,2012,2.06,1.07,-1.05,0.04,-0.34
m.A.A.d city,2012,-0.88,0.65,-0.81,0.43,-1.16
Swimming Pools (Drank) - Extended Version,2012,-1.46,-0.35,0.57,0.24,-0.99
"Sing About Me, I'm Dying Of Thirst",2012,-0.18,0.74,0.15,0.24,-0.51
Real,2012,-0.56,-0.47,0.15,-0.56,-1.38
Compton,2012,1.85,1.41,-1.71,1.03,-1.12
The Recipe - Bonus Track,2012,0.51,0.86,0.81,0.43,0.09
Black Boy Fly - Bonus Track,2012,1.51,0.65,-0.21,0.83,0.53
Now Or Never - Bonus Track,2012,-0.63,0.57,-0.57,0.63,1.26
The Recipe (Black Hippy Remix) - Bonus Track,2012,0.51,0.78,0.57,0.43,0.61
"Bitch, Don’t Kill My Vibe - Remix",2012,0.61,0.90,0.03,0.63,-1.59
Yuengling,2016-10-21,-0.22,-0.93,1.46,0.04,0.27
Backseat,2016-10-21,0.78,0.57,0.57,0.63,0.70
Night Drive,2016-10-21,0.47,-0.60,1.17,0.63,0.96
Cold Outside,2016-10-21,0.06,-0.14,1.11,0.83,0.48
Backwood,2016-10-21,-1.46,-0.81,-0.09,-0.16,0.44
GOAT,2016-10-21,0.99,0.07,0.45,0.83,1.39
The Boogie Man Song - Album Version (Edited),2004-10-19,1.34,-0.22,-0.81,-0.16,-0.86
Freaky Black Greetings - Album Version (Edited),2004-10-19,-0.94,0.90,0.57,0.63,1.87
Ghetto Rock - Album Version (Edited),2004-10-19,2.20,0.11,0.15,0.24,-0.69
Zimzallabim - Album Version (Edited),2004-10-19,-0.91,1.11,-0.45,1.03,0.74
The Rape Over - Album Version (Edited),2004-10-19,-1.01,0.61,0.57,0.63,1.74
Blue Black Jack,2004-10-19,-0.08,0.90,0.27,0.83,0.96
Bedstuy Parade & Funeral March,2004-10-19,-0.46,1.28,0.63,0.63,1.00
"Sex, Love & Money - Album Version (Edited)",2004-10-19,-0.56,0.78,0.93,0.24,0.92
Sunshine - Album Version (Edited),2004-10-19,-0.88,0.86,0.45,0.83,0.01
Close Edge - Album Version (Edited),2004-10-19,-0.60,1.11,1.11,0.63,0.92
The Panties,2004-10-19,-1.08,-0.18,-0.45,0.43,-1.33
War - Album Version (Edited),2004-10-19,-0.88,1.36,-1.29,1.03,-0.12
Grown Man Business - Album Version (Edited),2004-10-19,-0.88,0.57,0.69,0.43,1.00
Modern Marvel - Album Version (Edited),2004-10-19,-1.39,0.49,-1.59,0.63,-0.90
Life Is Real - Album Version (Edited),2004-10-19,-0.88,0.99,-0.93,1.03,0.27
The Easy Spell - Album Version (Edited),2004-10-19,0.02,0.82,0.09,0.83,-0.73
The Beggar,2004-10-19,0.89,-0.77,0.81,0.24,-0.69
Champion Requiem - Album Version (Edited),2004-10-19,-0.67,0.74,0.39,0.83,0.57
So What,1959-08-17,0.68,-1.77,-0.63,-1.55,-1.20
Freddie Freeloader,1959-08-17,0.40,-1.60,0.09,-1.35,0.05
Blue in Green,1959-08-17,-0.18,-2.31,-1.23,-3.13,-1.42
All Blues,1959-08-17,0.78,-1.77,-0.69,-1.75,-0.51
Flamenco Sketches,1959-08-17,2.13,-2.31,-1.65,-2.34,-1.16
Flamenco Sketches - Alternate Take,1959-08-17,-2.02,-2.27,-1.65,-2.14,-1.12
Freddie Freeloader - Studio Sequence 1,1959-08-17,0.40,-2.27,-0.51,-4.72,-0.38
Freddie Freeloader - False Start,1959-08-17,-1.81,-2.06,-0.09,-2.93,0.79
Freddie Freeloader - Studio Sequence 2,1959-08-17,0.44,-2.14,-0.69,-3.13,0.70
So What - Studio Sequence 1,1959-08-17,-1.19,-2.23,-1.71,-5.91,-0.94
So What - Studio Sequence 2,1959-08-17,-4.02,-2.35,-3.74,-6.90,-2.11
Blue in Green - Studio Sequence,1959-08-17,-0.53,-2.35,-1.53,-5.11,-1.94
Flamenco Sketches - Studio Sequence 1,1959-08-17,0.40,-2.27,-1.05,-5.91,0.18
Flamenco Sketches - Studio Sequence 2,1959-08-17,-2.15,-2.39,-0.93,-4.72,-1.77
All Blues - Studio Sequence,1959-08-17,0.75,-1.73,-1.11,-4.92,-0.51
On Green Dolphin Street,1959-08-17,-1.43,-1.14,-1.17,-0.56,-0.56
Fran-Dance,1959-08-17,-0.18,-1.85,-0.03,-1.15,-0.43
Stella By Starlight,1959-08-17,-1.05,-1.81,-0.81,-0.76,-1.03
Love For Sale,1959-08-17,-0.36,-0.56,0.21,-0.16,0.79
Fran-Dance - alternate take,1959-08-17,-0.18,-1.64,0.09,-0.95,0.18
"So What - Live at Kurhaus, Den Haag, Holland - April 1960",1959-08-17,0.54,-0.64,-0.87,-1.15,0.61
Talking Shit,2016-05-27,-0.81,0.44,0.99,0.24,-1.33
Ghetto Walkin',2016-05-27,-0.98,0.65,-0.51,-0.16,0.09
They Can't Hold Me Down,2016-05-27,-0.98,0.07,0.75,-0.56,-1.12
Maiysha (So Long),2016-05-27,0.09,-0.39,0.45,-0.36,-0.08
Violets,2016-05-27,-0.84,0.19,0.99,-0.16,-0.56
Little Church - Remix,2016-05-27,-0.84,-1.81,-2.18,-1.94,-1.81
Silence Is the Way,2016-05-27,2.34,-1.23,-0.33,-0.16,-1.38
Song for Selim,2016-05-27,1.16,-1.18,-0.87,-1.15,-1.12
Milestones - Remix,2016-05-27,-0.50,0.11,0.15,0.83,0.14
I'm Leaving You,2016-05-27,-0.84,0.36,0.57,0.24,0.18
Right On Brotha,2016-05-27,-0.01,0.07,0.27,-0.16,-1.33
'Round Midnight,1957-03-18,-0.12,-1.64,-0.75,-0.36,-1.25
Ah-Leu-Cha,1957-03-18,0.20,-0.10,-0.57,-0.16,1.52
All of You,1957-03-18,-1.19,-1.31,0.03,-0.36,0.40
Bye Bye Blackbird,1957-03-18,0.23,-1.06,0.03,-0.36,-0.60
Tadd's Delight,1957-03-18,-0.05,-0.39,0.09,0.24,0.70
Dear Old Stockholm,1957-03-18,-1.26,-0.97,-0.15,-0.36,-0.64
Two Bass Hit,1957-03-18,-0.05,-0.27,-0.69,-0.56,1.48
Little Melonae,1957-03-18,-1.19,-0.60,-0.99,-0.16,0.22
Budo,1957-03-18,-0.01,-0.27,-0.39,0.04,1.26
"Sweet Sue, Just You",1957-03-18,1.79,-0.72,-0.99,0.24,-0.56
"'Round Midnight - Live at the Newport Jazz Festival, Newport, RI - July 1955",1957-03-18,0.02,-1.98,-0.33,-1.55,-1.07
"Introduction by Gene Norman - Live at Pasadena Civic Auditorium, Pasadena, CA - February 1956",1957-03-18,-0.53,-0.89,0.27,-1.55,1.05
"Chance It (aka Max Is Making Wax) - Live at Pasadena Civic Auditorium, Pasadena, CA - February 1956",1957-03-18,-0.56,-0.68,-1.05,-0.76,0.09
"Walkin' - Live at Pasadena Civic Auditorium, Pasadena, CA - February 1956",1957-03-18,0.47,-1.39,-0.45,-0.95,-0.94
"Gene Norman & Miles Davis - Live at Pasadena Civic Auditorium, Pasadena, CA - February 1956",1957-03-18,-0.08,-1.94,0.51,-3.13,1.31
"It Never Entered My Mind - Live at Pasadena Civic Auditorium, Pasadena, CA - February 1956",1957-03-18,0.13,-2.23,-0.81,-1.75,-1.64
"Woody 'N You - Live at Pasadena Civic Auditorium, Pasadena, CA - February 1956",1957-03-18,0.26,-0.72,-0.39,-0.76,0.96
"Salt Peanuts - Live at Pasadena Civic Auditorium, Pasadena, CA - February 1956",1957-03-18,1.75,-0.52,-0.81,-0.95,0.44
"The Theme - Live at Pasadena Civic Auditorium, Pasadena, CA - February 1956",1957-03-18,0.30,-1.27,-1.29,-2.74,0.96
Lush Life,2019-03-29,-0.39,-1.60,-0.87,-0.95,-1.33
Come Rain Or Come Shine,2019-03-29,-0.36,-0.93,-0.39,-0.56,-0.25
The Believer,2019-03-29,1.51,-1.02,-0.93,-0.76,-0.04
Nakatini Serenade,2019-03-29,0.06,-0.18,-0.81,-0.16,0.44
Lover,2019-03-29,-0.81,0.15,-0.93,0.04,0.66
Russian Lullaby,2019-03-29,-0.88,-0.10,-0.99,0.04,-0.34
Theme For Ernie,2019-03-29,-0.18,-1.89,-1.05,-0.95,-1.33
You Say You Care,2019-03-29,-0.29,-0.56,-0.81,-0.56,0.22
Good Bait,2019-03-29,0.37,-0.68,-0.69,-0.56,0.66
I Want To Talk About You,2019-03-29,-1.84,-1.77,-1.11,-0.76,-1.42
Lyresto,2019-03-29,-0.39,-0.68,-0.69,-0.76,0.48
Why Was I Born,2019-03-29,-1.15,-2.19,-1.65,-1.55,-1.55
Freight Trane,2019-03-29,0.06,-0.22,-0.21,-0.36,0.57
I Never Knew,2019-03-29,-0.39,-1.10,-0.81,-0.95,-0.08
Big Paul,2019-03-29,0.47,-1.18,-0.81,-0.95,-0.30
I See Your Face Before Me,2019-03-29,0.02,-2.10,-0.87,-1.55,-1.25
Rise ’N’ Shine,2019-03-29,-1.15,-0.35,-0.81,-0.56,1.00
Little Melonae,2019-03-29,-1.15,-1.06,-1.05,-0.95,-0.17
If There Is Someone Lovelier Than You,2019-03-29,-1.19,-1.18,-0.39,-0.76,0.18
By The Numbers,2019-03-29,-1.64,-1.89,-1.11,-1.55,-1.38
Black Pearls,2019-03-29,1.75,-1.06,-1.11,-0.76,0.14
Lover Come Back To Me,2019-03-29,-0.74,0.03,-0.93,-0.36,0.96
Sweet Sapphire Blues,2019-03-29,2.65,-0.68,-1.11,-0.95,0.87
Spring Is Here,2019-03-29,-0.39,-1.14,-0.69,-1.35,1.18
Invitation,2019-03-29,0.06,-1.89,-0.99,-1.55,-0.81
I'm A Dreamer (Aren't We All),2019-03-29,-0.25,-1.18,-0.57,-1.35,0.31
Love Thy Neighbor,2019-03-29,2.23,-1.10,-1.35,-1.15,0.05
Don't Take Your Love From Me,2019-03-29,0.06,-1.85,-0.75,-1.55,-1.03
Stardust,2019-03-29,-0.18,-2.14,-1.17,-1.94,-1.20
My Ideal,2019-03-29,-1.57,-1.68,-1.05,-1.55,-0.90
I'll Get By (As Long As I Have You),2019-03-29,-0.91,-1.14,-0.75,-1.15,0.40
Do I Love You Because You're Beautiful?,2019-03-29,-1.36,-1.94,-1.53,-1.75,-0.94
Then I’ll Be Tired Of You,2019-03-29,-1.32,-1.85,-0.81,-1.55,-0.99
Something I Dreamed Last Night,2019-03-29,-0.18,-2.14,-0.93,-2.14,-1.38
Bahia,2019-03-29,-0.39,-1.35,-0.93,-1.55,0.66
Goldsboro Express,2019-03-29,-1.26,0.07,-1.11,-0.95,0.31
Time After Time,2019-03-29,-0.84,-1.89,-0.39,-1.55,-0.73
Giant Steps,1960,1.09,-0.35,-1.17,-0.36,0.40
Cousin Mary,1960,-0.18,-0.93,-0.57,-1.15,-0.21
Countdown,1960,1.96,-0.35,-1.23,-0.95,0.18
Spiral,1960,-0.84,-1.14,-0.63,-0.95,-0.73
Syeeda's Song Flute,1960,-0.81,-1.56,-0.15,-1.35,-0.34
Naima,1960,1.89,-2.35,-1.94,-2.14,-1.42
Mr. P.C.,1960,0.51,-0.14,-0.87,-0.56,0.48
"Giant Steps - Alternate Version, Take 1, Incomplete",1960,0.33,-0.43,-0.81,-0.56,0.05
"Naima - Alternate Version, Take 1, Incomplete",1960,1.99,-2.02,-1.83,-0.95,-1.03
Cousin Mary - Alternate Take,1960,-0.32,-0.97,-0.45,-1.15,0.27
Countdown - Alternative Take,1960,-1.26,-0.14,-0.93,-0.95,1.82
Syeeda's Song Flute - Alternate Take,1960,-0.88,-1.60,-0.15,-1.55,-0.34
"Giant Steps - Alternate Version, Take 2, False Start",1960,0.30,-0.39,-0.39,-0.16,0.22
"Naima - Alternate Version, Take 2, False Start",1960,2.03,-2.02,-2.24,-0.56,-0.73
Giant Steps - Alternate Take,1960,1.13,-0.43,-1.29,-0.56,0.87
Without a Song,2016-05-13,0.23,0.07,-1.47,-0.76,0.79
Just One of Those Things,2016-05-13,0.06,0.53,-2.00,-0.56,0.01
Blues for Duane,2016-05-13,0.99,-1.52,-0.81,-1.55,-0.51
The Things We Did Last Summer,2016-05-13,-1.29,-1.94,-1.88,-2.14,-1.42
Backlash,1967,0.82,-0.60,-0.09,-1.15,0.83
The Return of the Prodigal Son,1967,1.20,-0.39,-0.45,-0.95,1.87
Little Sunflower,1967,0.71,-1.60,-0.51,-2.54,1.18
On the Que-Tee,1967,0.20,-0.72,-0.57,-0.76,0.22
Up Jumped Spring,1967,-1.32,-1.77,-0.69,-2.54,0.27
Echoes of Blue,1967,0.51,-1.68,-0.99,-1.75,-1.59
Blue 'N' Boogie,1955-01-01,-0.53,-0.68,0.21,-0.56,1.56
Groovin' High,1955-01-01,-0.74,-1.60,0.39,-0.95,0.87
Dizzy Atmosphere,1955-01-01,0.51,-0.89,-0.15,-0.76,1.56
All The Things You Are,1955-01-01,0.37,-2.10,-0.27,-1.75,0.14
Salt Peanuts,1955-01-01,-1.39,-0.77,0.45,-0.16,1.31
Hot House,1955-01-01,1.82,-1.27,-0.27,-0.95,0.87
Oop Bop Sh' Bam,1955-01-01,1.30,-0.77,0.03,-0.16,1.39
That's Earl Brother,1955-01-01,-1.32,-1.06,-0.27,-0.36,0.96
Our Delight,1955-01-01,2.23,-0.77,-0.75,0.24,0.92
"One Bass Hit, Pt. 2",1955-01-01,-0.98,-1.18,-0.09,-0.56,0.66
Things To Come,1955-01-01,-1.08,0.07,-0.93,-0.16,0.79
Rays Idea,1955-01-01,-0.53,-0.39,-0.27,-0.16,1.39
Emanon,1955-01-01,0.85,-1.14,-0.15,-0.56,0.96
Pray You Catch Me,2016-04-23,2.03,-1.48,-2.24,-0.95,-1.81
Hold Up,2016-04-23,-1.22,-0.72,-0.63,-0.56,0.27
Don't Hurt Yourself (feat. Jack White),2016-04-23,0.71,0.49,-0.09,0.63,0.70
Sorry,2016-04-23,0.47,0.11,0.93,0.43,-0.56
6 Inch (feat. The Weeknd),2016-04-23,0.75,0.28,-0.63,0.04,-0.73
Daddy Lessons,2016-04-23,-0.88,-0.31,0.09,0.24,0.48
Love Drought,2016-04-23,1.41,-0.14,-0.99,-0.36,-1.16
Sandcastles,2016-04-23,-1.12,-0.89,-1.77,-0.16,-1.68
Forward (feat. James Blake),2016-04-23,0.26,-1.85,-1.41,-1.35,-1.90
Freedom (feat. Kendrick Lamar),2016-04-23,-1.12,0.95,-1.11,0.63,-0.34
All Night,2016-04-23,0.68,-0.01,-0.33,0.43,0.61
Formation,2016-04-23,0.20,0.19,1.64,0.43,1.43
Sorry - Original Demo,2016-04-23,1.34,-1.31,-0.45,-0.76,-0.30
Love On Top,2011-06-24,-0.77,0.74,0.15,0.83,0.70
Party,2011-06-24,1.54,0.07,0.15,0.63,0.96
Schoolin' Life,2011-06-24,0.26,0.61,1.05,0.83,0.27
Countdown,2011-06-24,1.75,0.90,0.27,0.63,0.92
I Miss You,2011-06-24,1.79,-0.22,0.57,0.43,1.52
Dance for You,2011-06-24,-0.22,0.86,-0.03,0.63,-0.08
I Care,2011-06-24,-1.01,1.11,-1.53,0.63,-1.12
Rather Die Young,2011-06-24,-1.53,0.40,0.03,0.43,-0.17
1+1,2011-06-24,-1.84,-0.81,-1.94,0.43,-0.99
End of Time,2011-06-24,0.06,0.99,0.51,0.24,1.31
Run the World (Girls),2011-06-24,0.37,1.36,0.63,1.03,1.18
Best Thing I Never Had,2011-06-24,-0.60,0.32,-0.45,1.03,-0.81
Start Over,2011-06-24,1.16,0.95,-0.93,0.83,-0.38
I Was Here,2011-06-24,-0.18,0.24,-0.69,0.43,-1.12
If I Were a Boy,2008-11-14,-0.91,-0.22,0.03,0.63,-0.25
Halo,2008-11-14,-1.26,0.61,-0.69,0.63,-0.08
Disappear,2008-11-14,-1.32,-0.93,-0.81,-0.36,-1.20
Broken-Hearted Girl,2008-11-14,-1.19,-0.64,-1.71,0.43,-1.42
Ave Maria,2008-11-14,-0.39,-0.72,-1.65,-0.16,-1.25
Smash Into You,2008-11-14,-0.74,-0.60,-0.33,0.04,-1.68
Satellites,2008-11-14,-0.22,-1.77,-1.47,-1.15,-0.90
That's Why You're Beautiful,2008-11-14,-0.05,0.24,-0.45,0.43,-1.68
Single Ladies (Put a Ring on It),2008-11-14,2.65,0.03,-1.17,0.83,-0.94
Radio,2008-11-14,0.68,0.78,-0.09,0.63,0.27
Diva,2008-11-14,1.03,-0.10,1.52,0.43,1.61
Sweet Dreams,2008-11-14,0.20,1.07,0.39,0.63,1.31
Video Phone,2008-11-14,-1.08,0.78,-0.87,0.04,0.53
Hello,2008-11-14,-0.63,0.82,-1.77,0.63,-0.30
Ego,2008-11-14,-1.29,-0.77,-0.03,0.24,0.01
Scared of Lonely,2008-11-14,-1.01,-0.01,-0.57,0.43,-1.20
Señorita,2002-11-04,-0.63,0.24,1.29,0.83,1.65
Like I Love You,2002-11-04,-0.05,0.99,1.35,0.83,1.78
(Oh No) What You Got,2002-11-04,-0.81,0.86,1.11,0.43,1.78
Take It From Here,2002-11-04,-1.43,0.03,-0.57,0.24,0.96
Cry Me a River,2002-11-04,-1.46,0.32,-0.03,0.43,0.31
Rock Your Body,2002-11-04,-0.53,0.57,1.58,0.63,1.43
Nothin' Else,2002-11-04,0.02,0.40,1.11,-0.36,1.69
Last Night,2002-11-04,-0.50,0.32,1.05,0.83,1.43
Still On My Brain,2002-11-04,0.47,-0.68,-0.03,0.24,-0.94
(And She Said) Take Me Now,2002-11-04,-0.43,0.53,1.46,0.63,1.69
Right For Me,2002-11-04,-0.56,0.78,1.23,0.24,0.87
Let's Take A Ride,2002-11-04,-0.91,0.32,0.51,0.63,1.13
Never Again,2002-11-04,0.75,-1.35,-1.41,-0.56,-0.90
Bullet From A Gun,2019-05-31,0.65,0.49,1.46,0.63,0.05
Greaze Mode,2019-05-31,1.16,0.61,0.93,0.24,-0.38
Redrum,2019-05-31,0.82,1.11,1.35,0.63,-1.77
No Sleep,2019-05-31,0.65,0.82,1.64,0.43,1.74
What Do You Mean?,2019-05-31,2.61,-0.22,0.69,0.04,-0.47
Going Through It,2019-05-31,1.41,0.99,1.05,0.43,0.48
Same Old Story,2019-05-31,0.65,0.57,1.52,0.63,1.56
Love Me Not,2019-05-31,-0.81,0.32,-0.69,0.63,-0.86
Animal Instinct,2019-05-31,0.82,-0.10,1.17,0.24,0.18
Glow In The Dark,2019-05-31,0.71,0.11,0.75,0.43,0.27
You Wish,2019-05-31,0.82,0.49,1.17,0.24,-0.08
Gangsta,2019-05-31,-1.67,0.40,0.75,0.43,0.01
Pure Water,2019-05-31,0.75,0.36,1.17,0.43,0.09
Konnichiwa,2016-05-06,0.75,0.07,0.99,-0.36,-1.07
Lyrics,2016-05-06,0.78,0.61,-0.15,0.04,1.52
Corn on the Curb,2016-05-06,-0.94,0.28,-0.27,-0.16,-0.43
Crime Riddim,2016-05-06,1.54,0.40,-0.69,-0.16,-0.08
It Ain't Safe,2016-05-06,1.16,-0.22,1.64,0.24,1.18
Ladies Hit Squad,2016-05-06,0.30,0.07,-0.15,0.04,-1.20
Numbers,2016-05-06,0.13,-0.72,1.94,0.24,-0.99
Man,2016-05-06,0.75,0.78,0.69,0.43,0.27
Shutdown,2016-05-06,-0.43,0.74,0.21,0.83,1.43
That's Not Me,2016-05-06,0.78,1.15,1.23,1.23,1.65
Detox,2016-05-06,0.82,0.86,0.75,0.43,-0.73
Text Me Back,2016-05-06,0.68,0.44,-0.09,0.04,-0.21
Track 1,2012-12-16,0.75,0.11,0.03,0.04,-0.94
Track 2,2012-12-16,0.82,0.53,-1.53,-0.16,0.22
Track 3,2012-12-16,-1.15,0.49,0.09,0.83,-0.38
Track 4,2012-12-16,-0.81,1.24,-1.29,0.63,-1.07
Track 5,2012-12-16,0.78,0.53,-0.39,0.43,-0.99
Track 6,2012-12-16,2.44,0.61,-0.81,1.03,-0.12
Track 7,2012-12-16,0.47,0.57,-0.03,0.43,-0.30
Track 8,2012-12-16,0.71,0.28,-0.39,0.63,-0.69
Track 9,2012-12-16,-0.84,0.11,-1.77,0.04,-1.33
Track 10,2012-12-16,-0.15,0.57,1.23,0.24,2.04
Track 11,2012-12-16,0.51,-0.10,-0.33,-0.36,-1.07
Track 12,2012-12-16,0.82,0.53,0.63,0.43,0.22
First Things First,2017-02-24,-0.70,0.99,0.63,1.03,-0.04
Cold,2017-02-24,0.75,1.66,0.63,1.42,1.00
Bad Boys (feat. Ghetts and J Hus),2017-02-24,0.30,0.28,-0.15,0.83,-0.73
"Blinded By Your Grace, Pt. 1",2017-02-24,0.33,-2.06,-0.39,-2.14,-0.99
Big For Your Boots,2017-02-24,2.03,1.36,-0.63,0.83,0.61
Velvet / Jenny Francis - Interlude,2017-02-24,-0.32,-0.31,-0.81,0.63,-0.99
Mr Skeng,2017-02-24,0.82,0.61,0.45,0.83,-0.38
Cigarettes & Cush (feat. Kehlani & Lily Allen),2017-02-24,0.68,0.28,0.09,0.63,1.18
21 Gun Salute (feat. Wretch 32) - Interlude,2017-02-24,-1.29,-0.64,-0.39,-0.36,-1.29
"Blinded By Your Grace, Pt. 2 (feat. MNEK)",2017-02-24,0.13,0.15,-1.65,0.83,-1.16
Return Of The Rucksack,2017-02-24,0.78,0.86,0.69,1.03,-0.12
100 Bags,2017-02-24,0.13,-0.47,-0.39,-0.16,0.92
Don't Cry For Me (feat. Raleigh Ritchie),2017-02-24,0.71,0.70,0.15,0.83,0.57
Crazy Titch - Interlude,2017-02-24,-0.15,-0.60,0.57,-1.15,0.87
Shut Up,2017-02-24,-1.46,1.03,-0.93,1.03,1.95
Lay Me Bare,2017-02-24,-1.05,0.40,-0.27,0.83,-1.64
Intro,2014-07-20,0.13,-0.39,-0.69,-0.95,0.14
Forever,2014-07-20,-1.39,-0.93,-1.29,-1.15,-1.07
Not That Deep,2014-07-20,0.82,0.95,-0.99,0.04,1.31
No Way,2014-07-20,0.75,0.28,0.09,0.04,0.18
Dreamers Disease,2014-07-20,0.47,-0.56,-0.03,-0.95,-1.38
Storm Trooper,2014-07-20,-1.15,-0.47,-1.41,-0.76,1.26
Jupa,2014-07-20,-0.56,0.07,0.87,-0.16,2.08
"Odyssey, Pt. 1",2017-08-30,-1.15,1.41,-2.12,1.03,0.05
The Little Things (feat. Angela McCluskey),2017-08-30,1.03,1.49,-0.87,1.42,-0.17
Miss Primetime (feat. Pell),2017-08-30,0.71,1.49,-0.21,1.62,0.44
C'mon,2017-08-30,-0.77,1.53,-0.57,1.23,-0.86
"All of Me (feat. Logic, ROZES)",2017-08-30,0.89,1.28,0.03,1.23,-1.25
Got The Love (feat. Jennifer Hartswick),2017-08-30,-1.39,1.57,-0.15,1.42,1.39
Highly Possible (feat. Waka Flocka Flame),2017-08-30,-0.81,1.70,0.15,1.62,0.35
I've Gotta Know (feat. Jennifer Hartswick),2017-08-30,-0.56,1.66,-0.15,1.42,-0.43
No Apologies (feat. Natalie Cressman),2017-08-30,-0.39,1.57,0.21,1.62,0.14
Bring The Funk Back,2017-08-30,-0.22,1.32,0.69,1.42,0.48
Wide Open (feat. Cherub),2017-08-30,0.30,1.57,0.81,1.42,1.61
Brighter Future (feat. Naaz),2017-08-30,1.09,1.36,0.15,1.42,0.57
Long Time Coming,2017-08-30,0.61,0.53,-1.23,0.63,-0.77
"Odyssey, Pt. 1 - KRANE Remix",2017-08-30,1.16,1.24,-0.99,1.03,-1.07
The Little Things (feat. Angela McCluskey) - Kasbo Remix,2017-08-30,-1.08,0.03,-0.81,0.63,-1.20
Got The Love (feat. Jennifer Hartswick) - Kill The Zo Remix,2017-08-30,-1.39,1.28,-0.33,1.03,-0.81
"All of Me (feat. Logic, ROZES) - Naderi Remix",2017-08-30,0.89,0.90,-0.45,0.83,-0.94
Brighter Future (feat. Naaz) - Win and Woo Remix,2017-08-30,1.09,-0.18,0.09,0.63,0.01
Got The Love (feat. Jennifer Hartswick) - The Funk Hunters Remix,2017-08-30,-0.56,0.95,0.03,1.03,1.43
C'mon - Cloudchord Remix,2017-08-30,-0.18,1.11,-1.23,0.83,0.70
Highly Possible (feat. Waka Flocka Flame) - Pham Remix,2017-08-30,-0.70,1.07,-0.03,1.03,-0.86
Bring The Funk Back - The Geek x Vrv Remix,2017-08-30,-0.56,0.32,1.46,0.24,-1.12
I've Gotta Know (feat. Jennifer Hartswick) - TRAILS Remix,2017-08-30,-0.56,0.49,0.03,0.63,1.05
The Little Things (feat. Angela McCluskey) - Luca Lush Remix,2017-08-30,1.16,1.49,-0.87,1.23,-1.29
Miss Primetime (feat. Pell) - Manic Focus Remix,2017-08-30,0.71,1.28,0.51,1.03,1.95
No Apologies (feat. Natalie Cressman) - Falcon Punch Remix,2017-08-30,-0.32,-0.39,0.33,0.04,-1.20
Wide Open (feat. Cherub) - autolaser Remix,2017-08-30,-0.22,0.95,0.33,0.83,0.14
Long Time Coming - Sweater Beats Remix,2017-08-30,-0.56,0.70,0.57,0.24,-1.72
"Odyssey, Pt. 1 - KRANE Remix",2017-08-30,1.16,1.24,-0.99,1.03,-1.07
The Little Things (feat. Angela McCluskey) - Kasbo Remix,2017-08-30,-1.08,0.03,-0.81,0.63,-1.20
Got The Love (feat. Jennifer Hartswick) - Kill The Zo Remix,2017-08-30,-1.39,1.28,-0.33,1.03,-0.81
"All of Me (feat. Logic, ROZES) - Naderi Remix",2017-08-30,0.89,0.90,-0.45,0.83,-0.94
Brighter Future (feat. Naaz) - Win and Woo Remix,2017-08-30,1.09,-0.18,0.09,0.63,0.01
Got The Love (feat. Jennifer Hartswick) - The Funk Hunters Remix,2017-08-30,-0.56,0.95,0.03,1.03,1.43
C'mon - Cloudchord Remix,2017-08-30,-0.18,1.11,-1.23,0.83,0.70
Highly Possible (feat. Waka Flocka Flame) - Pham Remix,2017-08-30,-0.70,1.07,-0.03,1.03,-0.86
Bring The Funk Back - The Geek x Vrv Remix,2017-08-30,-0.56,0.32,1.46,0.24,-1.12
I've Gotta Know (feat. Jennifer Hartswick) - TRAILS Remix,2017-08-30,-0.56,0.49,0.03,0.63,1.05
The Little Things (feat. Angela McCluskey) - Luca Lush Remix,2017-08-30,1.16,1.49,-0.87,1.23,-1.29
Miss Primetime (feat. Pell) - Manic Focus Remix,2017-08-30,0.71,1.28,0.51,1.03,1.95
No Apologies (feat. Natalie Cressman) - Falcon Punch Remix,2017-08-30,-0.32,-0.39,0.33,0.04,-1.20
Wide Open (feat. Cherub) - autolaser Remix,2017-08-30,-0.22,0.95,0.33,0.83,0.14
Long Time Coming - Sweater Beats Remix,2017-08-30,-0.56,0.70,0.57,0.24,-1.72
Plan B,2019-02-08,-0.88,0.19,1.29,0.04,0.35
Jackpot,2019-02-08,0.40,0.11,0.87,0.04,0.57
Rina,2019-02-08,-0.39,0.15,0.09,-0.56,-0.21
Wifey Riddim 3,2019-02-08,-0.08,-0.01,1.52,0.04,-0.60
Double C's,2019-02-08,0.89,0.40,0.75,-0.36,-0.34
Country Star,2019-02-08,0.89,-0.43,1.05,-0.36,0.09
Psych Out!,2019-02-08,-1.32,-0.06,0.63,-0.16,-0.60
Butterflies,2019-02-08,-0.43,0.49,0.81,-0.16,0.48
Necklace,2019-02-08,0.68,-0.47,1.11,-0.36,-0.69
Prada Me,2019-02-08,1.06,-0.56,0.27,-0.95,0.74
Ladbroke Grove,2019-02-08,0.61,1.11,1.64,0.04,1.05
Doing It,2019-02-08,0.82,0.82,0.87,0.43,-0.56
Nothing But Net,2019-02-08,0.82,0.44,1.46,0.04,-0.21
Horror Flick,2019-02-08,-1.67,1.53,-0.33,0.24,1.05
Triple S,2019-02-08,1.47,1.07,0.57,0.43,1.00
Bread Winner,2019-04-27,-0.91,0.61,-0.15,0.83,0.66
Need a Change,2019-04-27,-1.01,0.40,-0.63,0.83,0.40
Bonafide,2019-04-27,-0.81,0.28,0.09,0.63,0.74
Boaty Boy,2019-04-27,-0.98,0.95,-0.57,1.03,0.92
Street Survivors Riddim - Instrumental,2019-04-27,-0.81,-0.77,-0.81,0.24,1.35
minipops 67 [120.2][source field mix],2014-09-19,0.13,1.07,0.57,0.24,-1.55
XMAS_EVET10 [120][thanaton3 mix],2014-09-19,0.13,1.11,0.15,0.04,0.57
produk 29 [101],2014-09-19,-0.53,-0.06,1.17,0.24,-0.77
4 bit 9d api+e+6 [126.26],2014-09-19,0.33,0.86,0.87,0.24,0.74
180db_ [130],2014-09-19,0.47,0.15,1.23,0.43,0.31
CIRCLONT6A [141.98][syrobonkus mix],2014-09-19,0.89,1.24,0.63,0.43,0.83
fz pseudotimestretch+e+3 [138.85],2014-09-19,0.78,-1.64,-0.21,-1.35,-0.43
CIRCLONT14 [152.97][shrymoming mix],2014-09-19,1.27,1.70,0.27,0.43,-1.33
syro u473t8+e [141.98][piezoluminescence mix],2014-09-19,0.89,0.78,0.75,0.04,0.57
PAPAT4 [155][pineal mix],2014-09-19,1.34,1.41,0.27,0.43,0.74
s950tx16wasr10 [163.97][earth portal mix],2014-09-19,1.65,1.45,0.39,0.63,1.09
aisatsana [102],2014-09-19,-0.50,-2.35,-2.06,-4.72,-1.94
Jynweythek,2001-10-22,0.13,-1.35,0.57,-2.14,-1.59
Vordhosbn,2001-10-22,1.85,1.61,0.21,0.43,0.48
Kladfvgbung Mischk,2001-10-22,0.47,-0.14,1.17,-1.55,-1.42
Omgyjya-Switch7,2001-10-22,-0.74,1.49,-0.21,0.63,-0.34
Strotha Tynhe,2001-10-22,0.61,-2.39,-1.59,-3.13,-1.94
Gwety Mernans,2001-10-22,1.47,-1.85,-1.94,-3.93,-1.94
Bbydhyonchord,2001-10-22,0.23,-0.52,1.05,-0.16,1.69
Cock/ver10,2001-10-22,1.85,1.53,-0.51,0.24,-0.86
Avril 14th,2001-10-22,1.44,-2.27,-0.39,-4.12,-0.51
Mt Saint Michel + Saint Michaels Mount,2001-10-22,-0.56,1.53,0.33,0.04,-1.33
Gwarek2,2001-10-22,0.51,-1.39,-1.53,-2.93,-1.94
Orban Eq Trx 4,2001-10-22,-0.91,-1.23,0.87,-0.16,-0.94
Aussois,2001-10-22,-4.02,-2.35,-3.74,-3.33,-2.11
Hy A Scullyas Lyf Adhagrow,2001-10-22,0.47,-0.39,0.75,-2.14,0.74
Kesson Dalek,2001-10-22,1.85,-1.35,-0.45,-1.75,0.27
54 Cymru Beats,2001-10-22,1.79,1.66,0.03,0.63,-0.38
Btoum-Roumada,2001-10-22,-1.43,-1.60,-2.84,-1.35,-1.90
Lornaderek,2001-10-22,-1.50,-1.81,0.81,-2.14,1.00
QKThr,2001-10-22,-1.29,-2.31,-0.99,-3.33,-1.85
Meltphace 6,2001-10-22,1.30,1.49,-0.27,-0.16,-0.94
Bit 4,2001-10-22,-1.77,-2.31,-2.66,-3.53,-2.11
Prep Gwarek 36,2001-10-22,0.47,-1.23,0.51,-1.94,-1.98
Father,2001-10-22,0.26,-2.27,-0.51,-2.14,-1.25
Taking Control,2001-10-22,1.16,0.74,0.09,-0.76,0.66
Petiatil Cx Htdui,2001-10-22,-1.50,-2.35,-1.23,-4.12,-1.46
Ruglen Holon,2001-10-22,0.13,-1.60,0.93,-2.54,-0.21
Afx237 v.7,2001-10-22,1.79,1.70,0.03,0.43,-1.20
Ziggomatic 17,2001-10-22,2.20,1.07,-0.39,-0.16,-0.56
Beskhu3epnm,2001-10-22,0.61,-1.64,0.57,-2.74,-1.90
Nanou2,2001-10-22,-0.81,-2.39,-1.71,-3.93,-1.77
4,1996-11-04,1.75,0.19,-1.17,0.43,-1.51
Cornish Acid,1996-11-04,0.82,1.53,0.81,0.63,-0.47
Peek 82454201,1996-11-04,1.85,1.03,-0.03,0.24,0.57
Fingerbib,1996-11-04,0.54,-0.06,-0.03,-0.36,1.31
Carn Marth,1996-11-04,1.75,1.78,-0.15,1.23,0.44
To Cure A Weakling Child,1996-11-04,1.61,1.66,0.15,0.43,-0.38
Goon Gumpas,1996-11-04,0.65,-1.31,-1.41,-0.76,-0.51
Yellow Calx,1996-11-04,1.75,1.61,-2.00,0.43,0.22
Girl/Boy Song,1996-11-04,1.82,0.28,-0.57,0.04,-0.04
Logan Rock Witch,1996-11-04,0.54,0.32,-0.27,-0.16,-0.99
Acrid Avid Jam Shred,1995-04-24,-1.22,1.53,0.51,-0.16,1.31
The Waxen Pith,1995-04-24,0.40,-0.64,-0.51,-1.15,-0.51
Wax The Nip,1995-04-24,2.37,1.36,-1.53,-0.16,-0.47
Icct Hedral,1995-04-24,0.89,1.28,-1.29,-0.16,-1.59
Ventolin (Video Edit),1995-04-24,1.03,1.57,-0.99,0.63,-0.60
Come On You Slags,1995-04-24,-0.91,1.78,-2.18,0.24,-1.42
Start As You Mean To Go On,1995-04-24,1.20,1.74,-0.09,0.04,0.27
Wet Tip Hen Ax,1995-04-24,0.47,-0.64,0.33,0.04,-1.72
Mookid,1995-04-24,0.13,-0.64,0.39,-0.95,-0.34
Alberto Balsalm,1995-04-24,-0.77,0.11,0.99,-0.95,0.35
Cow Cud Is A Twin,1995-04-24,-1.29,0.32,1.35,0.24,0.74
Next Heap With,1995-04-24,-1.32,-2.02,-3.08,-1.75,-1.94
Digeridoo,1995,1.03,1.66,-0.63,0.04,0.40
Flaphead,1995,0.68,1.78,-0.33,0.24,0.35
Phloam,1995,0.68,1.66,-0.57,0.04,-1.07
Isoprophlex - AKA Isopropanol,1995,0.68,1.32,0.15,-0.16,-0.69
Polynomial-C,1995,-1.53,0.95,-2.42,-0.36,0.27
Tamphex - Hedphuq Mix,1995,1.44,1.36,-0.69,0.04,-0.25
Phlange Phace,1995,1.06,1.49,-0.69,0.04,0.18
Dodeccaheedron,1995,0.68,1.78,0.39,0.83,-1.81
Analogue Bubblebath,1995,0.26,0.36,-0.27,-0.76,-1.90
Metapharstic,1995,0.96,1.36,-1.41,0.04,-1.94
We Have Arrived - Aphex Twin QQT Mix,1995,0.85,1.53,0.39,0.63,-1.55
We Have Arrived - Aphex Twin TTQ Mix,1995,1.16,1.49,-1.77,0.24,-0.81
"Digeridoo - Live in Cornwall, 1990",1995,0.96,1.57,-0.75,-0.36,-0.47
You Won't Be Satisfied (Until You Break My Heart),2018-04-06,-1.36,-1.18,-0.21,0.04,0.14
The Frim Fram Sauce,2018-04-06,-0.46,-1.02,0.63,0.04,0.74
Dream A Little Dream Of Me,2018-04-06,-1.46,-1.56,-0.27,-0.36,-0.25
Can Anyone Explain?,2018-04-06,-0.60,-1.56,-0.45,0.24,-0.60
Necessary Evil,2018-04-06,-1.01,-0.97,0.03,0.43,0.83
Oops!,2018-04-06,0.37,-1.18,0.57,0.63,0.61
Who Walks In When I Walk Out?,2018-04-06,0.68,-1.43,0.15,0.24,1.13
Would You Like To Take A Walk?,2018-04-06,-1.36,-1.60,-0.69,-0.16,-1.03
Can't We Be Friends?,2018-04-06,-0.18,-1.06,0.39,-0.36,0.09
Isn't This A Lovely Day?,2018-04-06,-1.22,-1.94,-1.17,-0.95,-1.42
Moonlight In Vermont,2018-04-06,0.65,-2.14,-1.11,-1.55,-1.64
They Can't Take That Away From Me,2018-04-06,-0.39,-1.39,-0.39,-0.56,-0.43
Under A Blanket Of Blue,2018-04-06,-0.63,-1.31,-0.15,-0.56,0.09
Tenderly,2018-04-06,-0.67,-1.85,-0.87,-0.95,-1.12
A Foggy Day,2018-04-06,-0.15,-1.43,-0.69,-0.95,-0.43
Stars Fell On Alabama,2018-04-06,1.82,-1.94,-1.77,-0.95,-1.38
Cheek To Cheek,2018-04-06,0.23,-1.02,0.09,-0.56,0.35
The Nearness Of You,2018-04-06,-1.19,-1.81,-1.23,-1.35,-1.07
April In Paris,2018-04-06,-0.22,-2.06,-0.93,-1.55,-1.42
Don't Be That Way,2018-04-06,-0.63,-1.35,-0.69,-0.56,-0.73
Makin' Whoopee,2018-04-06,-0.15,-1.10,-0.03,-0.36,-0.69
They All Laughed,2018-04-06,0.02,-1.35,0.33,-0.36,-0.12
Comes Love,2018-04-06,0.61,-1.23,0.51,0.24,0.22
Autumn In New York,2018-04-06,0.75,-2.02,-1.23,-1.15,-1.55
Let's Do It (Let's Fall In Love),2018-04-06,-1.50,-1.48,-1.05,-0.76,-0.86
Stompin' At The Savoy,2018-04-06,-0.32,-0.39,-0.63,-0.16,0.53
I Won't Dance,2018-04-06,2.06,-0.68,-1.05,-0.36,0.35
"Gee, Baby, Ain't I Good To You?",2018-04-06,-1.05,-1.27,-0.69,-0.16,0.18
Let's Call The Whole Thing Off,2018-04-06,0.20,-1.02,0.27,-0.76,0.35
These Foolish Things (Remind Me Of You),2018-04-06,0.02,-2.19,-1.05,-1.75,-1.29
I've Got My Love To Keep Me Warm,2018-04-06,-0.18,-0.47,-0.63,-0.16,0.92
Willow Weep For Me,2018-04-06,-0.88,-0.85,0.15,0.24,-0.25
I'm Puttin' All My Eggs In One Basket,2018-04-06,-1.15,-0.85,-0.81,-0.16,0.31
A Fine Romance,2018-04-06,2.06,-0.39,-0.93,0.04,0.53
Ill Wind,2018-04-06,-1.57,-2.23,-2.06,-1.15,-1.77
Love Is Here To Stay,2018-04-06,-0.50,-1.43,-0.33,-0.16,-0.08
I Get A Kick Out Of You,2018-04-06,0.44,-1.06,0.21,-0.56,0.01
Learnin' The Blues,2018-04-06,-1.08,-1.48,-0.33,-0.56,-0.25
Porgy And Bess: Overture,2018-04-06,0.23,-1.39,-2.30,-0.56,-1.90
Summertime,2018-04-06,0.75,-1.39,-2.30,-0.36,-1.77
I Wants To Stay Here,2018-04-06,0.58,-1.48,-1.94,-0.36,-1.25
My Man's Gone Now,2018-04-06,-1.12,-1.64,-2.78,-0.36,-1.94
I Got Plenty O' Nuttin',2018-04-06,-1.19,-0.60,-0.33,-0.16,0.14
Buzzard Song,2018-04-06,-1.50,-1.39,-2.12,0.04,-1.16
Bess You Is My Woman Now,2018-04-06,0.68,-1.31,-2.36,-0.36,-1.81
It Ain't Necessarily So,2018-04-06,-0.22,-1.39,-1.17,-0.36,-0.94
What You Want Wid Bess?,2018-04-06,0.47,-1.18,-1.23,-0.16,0.27
A Woman Is A Sometime Thing,2018-04-06,0.82,-0.64,-0.93,-0.16,0.44
"Oh, Doctor Jesus",2018-04-06,-0.01,-1.85,-1.77,-0.76,-1.20
"Porgy And Bess: Medley: Here Come De Honey Man / Crab Man / Oh, Dey's So Fresh And Fine",2018-04-06,1.34,-1.60,-1.65,-1.15,-0.86
There's A Boat Dat's Leavin' Soon For New York,2018-04-06,-1.26,-0.60,-0.33,0.04,0.70
"Bess, Oh Where's My Bess?",2018-04-06,-1.32,-1.56,-2.54,-1.15,-1.46
"Oh Lawd, I'm On My Way",2018-04-06,1.68,-0.47,-2.24,-0.16,0.22
The Memphis Blues - Live From The Chesterfield Show/1957,2018-04-06,-1.46,-1.31,-0.75,-0.76,0.18
You Won't Be Satisfied (Until You Break My Heart) - Live At The Hollywood Bowl /1956,2018-04-06,-1.60,-1.31,-0.81,-0.56,-0.43
Undecided - Live From The Hollywood Bowl/1956,2018-04-06,-1.39,0.57,-1.17,0.43,1.26
You Won't Be Satisfied - Alt Take B,2018-04-06,-1.29,-1.31,-0.57,-1.15,0.14
The Frim Fram Sauce - Take 1 And 2 / False Start And Breakdown,2018-04-06,1.82,-0.97,-0.57,-0.76,0.87
The Frim Fram Sauce - Alt Take B,2018-04-06,-0.63,-0.93,0.39,-0.56,0.70
Makin' Whoopee - Take 1,2018-04-06,-0.22,-1.43,-0.39,-1.15,-0.56
Makin' Whoopee - Take 2 / Complete Alternate Take,2018-04-06,-1.39,-1.64,-0.87,-1.15,-0.64
I Get A Kick Out Of You - Take 2 And 3,2018-04-06,1.99,-1.98,-0.93,-2.54,-0.47
I Get A Kick Out Of You - Take 4,2018-04-06,-1.98,-1.52,-0.87,-0.95,-0.43
I Get A Kick Out Of You - Take 13,2018-04-06,0.51,-1.48,-0.21,-1.15,-0.51
Let's Do It (Let's Fall In Love) - Take 3,2018-04-06,-1.50,-1.89,-0.57,-1.75,-0.81
Willow Weep For Me - Take 4,2018-04-06,-0.94,-2.14,0.45,-1.55,-0.64
I Got Plenty O' Nuttin' - Mono,2018-04-06,1.65,-0.68,-1.11,0.24,0.83
A Woman Is A Sometime Thing,2018-04-06,0.78,-0.47,-0.87,0.04,0.31
"Bess, Oh Where's My Bess? - Take 5 And 6",2018-04-06,-0.12,-1.64,-1.83,-1.35,-1.07
"Bess, Oh Where's My Bess? - Take 7",2018-04-06,-1.19,-1.56,-2.18,-1.15,-1.29
"Bess, Oh Where's My Bess? - Take 8",2018-04-06,-0.15,-1.64,-2.18,-1.35,-1.46
"Bess, Oh Where's My Bess? - Take 9",2018-04-06,-1.70,-1.73,-2.18,-1.55,-1.29
"Bess, Oh Where's My Bess? - Insert For Take 9",2018-04-06,-1.05,-1.81,-2.54,-1.15,-1.38
"Bess, Oh Where's My Bess? - Take 10",2018-04-06,-0.91,-1.98,-2.24,-1.94,-0.51
Red-Headed Woman - Mix 1,2018-04-06,-1.46,-1.10,0.39,-0.36,0.57
"'S Wonderful - Live At The Shrine Auditorium, Los Angeles, 1956",2018-11-23,-0.70,-0.89,-0.27,-0.36,1.65
"Cry Me A River - Live At The Shrine Auditorium, Los Angeles, 1956",2018-11-23,-0.39,-1.73,-1.65,-1.55,-1.25
"Lullaby Of Birdland - Live At The Shrine Auditorium, Los Angeles, 1956",2018-11-23,0.20,-0.89,0.03,-0.16,1.13
"Glad To Be Unhappy - Live At The Shrine Auditorium, Los Angeles, 1956",2018-11-23,-0.36,-2.14,-1.53,-2.34,-1.33
"And The Angels Sing - Live At The Shrine Auditorium, Los Angeles, 1956",2018-11-23,0.02,-0.68,-0.39,-0.56,0.48
"Joe William's Blues - Live At The Shrine Auditorium, Los Angeles, 1956",2018-11-23,-0.50,0.15,0.51,0.04,1.74
"Air Mail Special - Live At The Shrine Auditorium, Los Angeles, 1956",2018-11-23,0.75,0.24,0.09,0.04,0.44
"Norman Granz Announcement - Live At The Shrine Auditorium, Los Angeles, 1956",2018-11-23,-1.15,1.78,-2.30,0.04,-1.98
It All Depends On You - Live At Zardi’s/1956,2017-12-01,0.54,0.19,-0.21,0.63,1.43
Tenderly - Live At Zardi’s/1956,2017-12-01,-0.29,-1.23,-1.59,-0.56,-1.33
Why Don't You Do Right - Live At Zardi’s/1956,2017-12-01,0.23,-0.43,0.57,0.63,0.83
Cry Me A River - Live At Zardi’s/1956,2017-12-01,-0.67,-1.18,-1.41,-0.56,-0.77
In A Mellow Tone - Live At Zardi’s/1956,2017-12-01,0.65,0.36,-0.21,0.63,1.00
Joe Williams's Blues - Live At Zardi’s/1956,2017-12-01,-0.29,0.49,-0.15,0.43,1.09
A Fine Romance - Live At Zardi’s/1956,2017-12-01,0.68,-0.77,0.03,0.63,0.96
How High The Moon - Live At Zardi’s/1956,2017-12-01,0.58,0.74,-0.39,0.63,1.13
Gone With The Wind - Live At Zardi’s/1956,2017-12-01,-0.29,-0.89,-1.23,-0.36,-0.43
Bernie's Tune - Live At Zardi’s/1956,2017-12-01,0.40,0.15,-0.09,0.24,1.05
'S Wonderful - Live At Zardi’s/1956,2017-12-01,3.03,0.57,-1.29,0.43,1.43
Glad To Be Unhappy - Live At Zardi’s/1956,2017-12-01,0.99,-1.48,-1.59,-1.35,-1.12
Lullaby Of Birdland - Live At Zardi’s/1956,2017-12-01,0.33,-0.14,0.09,0.43,0.83
The Tender Trap - Live At Zardi’s/1956,2017-12-01,0.06,-0.39,0.51,0.24,0.66
And The Angels Sing - Live At Zardi’s/1956,2017-12-01,0.20,-0.18,-0.33,0.43,0.48
I Can't Give You Anything But Love - Live At Zardi’s/1956,2017-12-01,0.16,-0.01,0.09,-0.16,0.87
Little Boy (Little Girl) - Live At Zardi’s/1956,2017-12-01,0.89,0.19,0.03,0.24,1.56
"A-Tisket, A-Tasket - Live At Zardi’s/1956",2017-12-01,-0.32,0.11,0.63,0.43,1.61
My Heart Belongs To Daddy - Live At Zardi’s/1956,2017-12-01,-0.08,-1.48,-1.17,-1.15,-0.94
Airmail Special - Live At Zardi’s/1956,2017-12-01,0.85,0.86,-0.51,0.63,0.79
I've Got A Crush On You - Live At Zardi’s/1956,2017-12-01,-0.32,-1.27,-1.29,-0.56,-0.47
Show Introduction - Live At Dallas Memorial Auditorium / 1968,2018-10-12,-0.84,0.99,-1.71,0.63,1.61
If I Ruled The World - Live At Dallas Memorial Auditorium / 1968,2018-10-12,-1.36,-0.56,-2.00,0.43,-0.90
James Brown Thanks - Live At Dallas Memorial Auditorium / 1968,2018-10-12,-0.46,0.19,-0.81,-1.75,-1.72
Introduction To Say It Loud - I'm Black And I'm Proud - Live At Dallas Memorial Auditorium / 1968,2018-10-12,-0.88,-0.06,0.21,-0.95,-0.90
Say It Loud - I'm Black And I'm Proud - Live At Dallas Memorial Auditorium / 1968,2018-10-12,0.30,1.32,0.21,0.63,1.39
"I Guess I'll Have To Cry, Cry, Cry - Live At Dallas Memorial Auditorium / 1968",2018-10-12,1.47,0.19,-1.29,0.24,0.74
That's Life - Live At Dallas Memorial Auditorium / 1968,2018-10-12,0.37,0.36,-0.81,0.43,0.31
Kansas City - Live At Dallas Memorial Auditorium / 1968,2018-10-12,-0.08,1.11,-1.29,0.83,1.05
The Popcorn - Live At Dallas Memorial Auditorium / 1968,2018-10-12,0.13,0.95,0.45,0.24,1.74
Soul Pride - Live At Dallas Memorial Auditorium / 1968,2018-10-12,0.02,0.44,-0.21,0.24,-0.12
Tighten Up - Live At Dallas Memorial Auditorium / 1968 / Instrumental,2018-10-12,0.82,1.36,-1.29,0.24,0.79
Suds - Live At Dallas Memorial Auditorium / 1968,2018-10-12,1.44,0.90,-0.81,0.43,1.09
Introduction To Star Time! - Live At Dallas Memorial Auditorium / 1968,2018-10-12,-1.12,0.82,0.21,0.43,1.48
Licking Stick - Licking Stick - Live At Dallas Memorial Auditorium / 1968,2018-10-12,0.16,0.95,-0.87,0.63,1.43
Cold Sweat - Live At Dallas Memorial Auditorium / 1968,2018-10-12,0.61,1.20,-0.45,0.63,0.18
"There Was A Time - Live At Dallas Memorial Auditorium, 1968",2018-10-12,0.82,1.28,-0.69,0.63,-0.04
Medley: Try Me/ Lost Someone/ Bewildered - Live At Dallas Memorial Auditorium / 1968,2018-10-12,-1.36,-0.31,-1.35,0.24,-0.43
Papa's Got A Brand New Bag - Live At Dallas Memorial Auditorium / 1968,2018-10-12,-1.08,1.36,-1.53,0.63,2.08
I Got The Feelin' - Live At Dallas Memorial Auditorium / 1968,2018-10-12,1.37,1.15,0.09,0.63,0.66
Maybe The Last Time - Live At Dallas Memorial Auditorium / 1968,2018-10-12,-1.46,0.99,-0.69,0.63,1.00
I Got You (I Feel Good) - Live At Dallas Memorial Auditorium / 1968,2018-10-12,-0.25,1.15,-0.75,0.63,1.69
"Please, Please, Please - Live At Dallas Memorial Auditorium / 1968",2018-10-12,0.78,1.49,-1.77,0.83,0.44
I Can't Stand Myself (When You Touch Me) - Live At Dallas Memorial Auditorium / 1968,2018-10-12,0.99,1.66,-0.33,0.43,0.27
Finale: Cold Sweat/ I Got The Feeling/ Sait It Loud - I'm Black And I'm Proud - Live At Dallas Memorial Auditorium / 1968,2018-10-12,0.78,1.66,-0.81,0.43,-0.99
Tribute,2015-12-18,-1.29,-1.56,-2.18,-2.14,-0.99
I'm Real,2015-12-18,-0.39,0.32,1.70,-0.36,1.35
Static - Pts. 1 & 2,2015-12-18,-0.25,0.95,1.41,0.24,1.39
Time to Get Busy,2015-12-18,-0.53,-0.22,1.64,-0.36,1.31
You and Me,2015-12-18,1.58,-0.85,0.21,0.04,0.87
Interview,2015-12-18,-1.08,-1.98,0.03,-3.53,0.57
She Looks All Types A' Good,2015-12-18,-0.15,0.57,1.35,-0.16,0.79
Keep Keepin',2015-12-18,-0.29,0.07,1.64,-0.36,1.39
Can't Git Enuf,2015-12-18,-0.56,-0.60,1.29,-0.36,0.87
It's Your Money$,2015-12-18,0.47,1.28,1.17,0.04,0.70
Godfather Runnin' the Joint,2015-12-18,-0.60,0.61,1.70,-0.76,1.56
Static - Single Version,2015-12-18,-0.29,0.95,1.76,0.24,1.35
Static - Full Force Remix,2015-12-18,-0.25,1.24,1.64,0.63,1.13
No Static - The 8 Minute Full Force Def Mix,2015-12-18,-0.25,1.28,1.52,0.43,0.61
I'm Real - Single Version,2015-12-18,-0.36,0.70,1.70,0.24,1.43
I'm Real - Special Version,2015-12-18,-0.36,0.57,1.70,0.04,1.52
Real - Full Force Hyped-Up Mix,2015-12-18,-0.36,1.03,1.58,0.24,0.74
Time to Get Busy - Single Version,2015-12-18,-0.53,0.11,1.64,0.04,1.26
Time to Get Busy - Full Force Remix,2015-12-18,-0.53,0.11,1.64,-0.16,1.31
Busy J.B. - Time to Get Get Mix,2015-12-18,-0.63,0.32,1.88,0.43,-0.43
Tribute - Special Version,2015-12-18,1.75,-1.81,-0.57,-2.34,0.14
Get Up I Feel Like Being Like A Sex Machine - Pts. 1 & 2,2014-07-29,-0.29,0.61,1.23,0.43,1.48
The Payback - Part 1,2014-07-29,-0.67,0.49,1.58,0.24,1.18
Out Of Sight,2014-07-29,0.47,0.11,0.21,0.43,1.61
I Got You (I Feel Good) - 1966 Version,2014-07-29,0.96,0.07,-0.33,0.43,0.96
Caldonia,2014-07-29,-1.43,0.95,-0.21,0.63,2.04
"Please Please Please - Live In Tampa, FL/1966",2014-07-29,0.92,1.20,-0.87,0.63,1.18
Night Train - Live At The Apollo Theater/1962,2014-07-29,2.10,0.95,-0.45,0.04,1.95
Papa's Got A Brand New Bag - Pt. 1,2014-07-29,0.44,0.61,0.87,0.04,1.78
"It's A Man's Man's Man's World - Live In Tampa, FL/1966",2014-07-29,-0.84,-0.97,-0.27,-0.16,-0.81
Cold Sweat - Pt. 1,2014-07-29,-0.15,-0.85,1.70,0.24,1.18
Mother Popcorn - Pt. 1,2014-07-29,-0.01,0.32,1.88,0.43,1.82
I Got The Feelin' - Live At Dallas Memorial Auditorium / 1968,2014-07-29,1.37,1.20,0.27,0.83,0.87
I Can't Stand Myself (When You Touch Me) - Live At Dallas Memorial Auditorium / 1968,2014-07-29,0.99,1.70,-0.09,0.83,0.31
Say It Loud - I'm Black And I'm Proud - Pt. 1,2014-07-29,-0.05,0.44,1.35,0.83,1.87
"Get Up (I Feel Like Being A) Sex Machine - Live At The Olympia Theatre, Paris/1971",2014-07-29,-0.12,1.28,1.05,0.83,0.44
"Super Bad - Live At The Olympia, Paris / 1971",2014-07-29,0.96,1.20,0.57,0.63,1.39
Soul Power - Live At The Apollo Theater/1971,2014-07-29,-0.05,1.41,0.21,0.83,0.40
Try Me - Live At The Apollo Theater/1967,2014-07-29,-1.15,-1.43,-1.77,0.04,-0.30
Please Please Please,2014-07-29,-0.25,-0.10,-0.27,0.63,0.92
Get Up Offa That Thing,2014-07-29,0.06,0.86,1.23,0.43,1.31
Introduction Of The J.B.’s By Danny Ray - Live At The Apollo Theater/1972,2014-01-01,-0.74,0.74,-0.45,0.24,1.13
Hot Pants Road - Live At The Apollo Theater/1972,2014-01-01,-0.12,1.45,0.27,0.43,1.82
From The Back Side - Live At The Apollo Theater/1972,2014-01-01,-0.01,0.70,-0.69,0.24,1.56
Wine Spot - Live At The Apollo Theater/1972,2014-01-01,0.65,0.57,-0.45,0.43,1.87
Introduction Of James Brown By Fred Wesley - Live At The Apollo Theater/1972,2014-01-01,0.26,0.32,0.81,0.63,1.91
Never Can Say Goodbye - Live At The Apollo Theater/1972,2014-01-01,-0.91,-0.89,0.45,-0.56,0.22
Pass The Peas - Live At The Apollo Theater/1972,2014-01-01,2.79,0.32,-0.87,0.04,1.43
Honky Tonk - Live At The Apollo Theater/1972,2014-01-01,0.37,1.32,-0.63,0.43,1.00
Introduction By James Brown - Live At The Apollo Theater/1972,2014-01-01,-2.64,-1.81,1.05,-1.35,-0.25
Gimme Some More - Live At The Apollo Theater/1972,2014-01-01,-0.32,0.44,0.21,0.24,1.69
There It Is - Live At The Apollo Theater/1972,2014-01-01,-0.12,1.41,0.27,0.83,0.53
Introduction Of Lyn Collins By Danny Ray - Live At The Apollo Theater/1972,2014-01-01,-1.22,0.61,0.21,0.63,1.35
Do Your Thing - Live At The Apollo Theater/1972,2014-01-01,1.13,0.61,-0.09,0.63,0.87
Think (About It) - Live At The Apollo Theater/1972,2014-01-01,0.02,1.20,-0.51,0.43,0.44
I'll Take You There - Live At The Apollo Theater/1972,2014-01-01,-0.01,1.03,0.45,0.83,1.48
Introduction Of Bobby Byrd By Danny Ray - Live At The Apollo Theater/1972,2014-01-01,-0.67,0.40,-0.21,0.63,2.04
I Know You Got Soul - Live At The Apollo Theater/1972,2014-01-01,0.20,1.36,0.33,0.43,1.35
(If Loving You Is Wrong) I Don’t Want To Be Right - Live At The Apollo Theater/1972,2014-01-01,0.23,-0.27,-0.51,0.43,0.18
Keep On Doin’ What You're Doin’ - Live At The Apollo Theater/1972,2014-01-01,0.26,0.95,0.09,0.04,1.00
Werld is Mine,2016-02-26,-0.88,-0.27,0.21,0.63,-1.33
Stronger Than Ever,2016-02-26,0.20,0.74,-1.17,0.83,-1.38
Bloodsport '15,2016-02-26,-0.84,-0.06,-0.15,0.63,-0.47
I Can Change,2016-02-26,-0.56,1.45,0.27,1.03,0.48
Keep it Simple,2016-02-26,-0.50,-0.22,0.87,1.03,0.96
The Greatest,2016-02-26,0.40,0.74,0.63,0.43,1.35
Never Better,2016-02-26,-0.46,0.99,-0.09,0.63,-0.25
Cowards,2016-02-26,-1.36,-0.31,0.03,0.24,-1.12
A Moor,2016-02-26,-0.74,-0.31,0.03,0.24,-1.12
Young & Stupid,2016-02-26,0.61,1.15,0.15,0.83,0.18
"You're a Man Now, Boy",2016-02-26,-1.77,-0.56,-1.88,0.43,-1.51
The Last Romance,2016-02-26,-0.43,-1.31,0.03,-1.15,-1.38
Never Say Die,2016-02-26,0.71,0.36,-0.09,0.24,-0.47
Life in a Box,2016-02-26,0.06,-0.01,0.93,0.43,0.35
The Chased,2016-02-26,0.65,-0.14,0.27,0.83,-0.73
Overdose,2016-02-26,-0.46,0.49,-1.71,0.43,-0.12
Birthday Girl,2016-02-26,-0.91,-0.06,-0.21,-0.36,-1.59
Stay Inside,2016-02-26,2.03,0.07,-0.57,-0.16,-0.90
Call If You Need Me,2018-02-23,-0.22,-0.01,0.75,0.63,-0.12
Lay It On Me,2018-02-23,0.40,0.36,0.63,0.63,0.18
We're Going Home,2018-02-23,2.55,0.44,-1.41,0.83,-0.25
Saturday Sun,2018-02-23,-0.56,1.20,0.09,1.03,0.96
Take Your Time,2018-02-23,-0.05,0.49,0.09,0.43,-0.73
I'm With You,2018-02-23,-0.22,-0.72,0.21,0.04,-1.59
Like Gold,2018-02-23,-0.22,0.57,-0.87,0.43,-0.34
Alone With Me,2018-02-23,0.89,-0.18,0.03,0.63,-1.90
Crashing Into You,2018-02-23,-0.39,0.28,0.33,0.83,-0.73
One Of These Days,2018-02-23,-1.19,0.86,-0.45,0.83,0.09
Little Boy,2018-02-23,-0.15,-0.14,0.33,0.43,-0.56
Bonnie & Clyde,2018-02-23,0.06,0.15,0.57,0.83,-0.34
Where We Start,2018-02-23,0.13,-0.81,0.21,0.63,-1.29
Winds of Change,2014-09-09,-0.32,0.03,-0.15,0.43,0.05
Mess Is Mine,2014-09-09,-0.29,0.61,-0.15,0.24,-0.94
Wasted Time,2014-09-09,-0.15,0.11,-0.15,0.43,-0.17
Riptide,2014-09-09,-0.50,0.65,-0.87,0.43,0.09
Who Am I,2014-09-09,0.40,0.49,-0.03,0.43,0.53
From Afar,2014-09-09,-1.05,-0.68,-1.77,0.04,-1.38
We All Die Trying to Get It Right,2014-09-09,-0.32,0.03,-1.77,0.04,-1.72
Georgia,2014-09-09,0.96,0.36,-1.41,0.43,-0.38
Red Eye,2014-09-09,-0.01,-0.14,-0.51,0.43,-1.55
First Time,2014-09-09,-0.01,1.32,0.09,0.43,-0.43
All I Ever Wanted,2014-09-09,-0.98,0.19,-0.63,0.63,-1.07
Best That I Can,2014-09-09,1.92,-0.77,-1.17,0.24,-1.55
My Kind of Man,2014-09-09,0.13,-1.27,-1.29,0.04,-1.90
Fire and the Flood,2014-09-09,-0.05,1.07,-0.15,1.03,-0.69
Straight into Your Arms,2014-09-09,-0.56,-0.06,0.15,0.63,-0.12
Genesis,2016-08-26,2.30,-1.48,-2.24,-1.55,-0.99
Royalty Capes,2016-08-26,-0.98,-0.64,0.99,0.04,0.27
Pain,2016-08-26,-0.39,-0.64,1.70,0.24,1.39
Property of Spitkicker.com,2016-08-26,-0.67,-0.81,1.46,-1.55,0.05
Memory of... (US),2016-08-26,2.13,-0.35,-0.51,-0.16,-1.07
CBGBS,2016-08-26,-0.36,-0.47,0.69,-0.76,0.35
Lord Intended,2016-08-26,1.58,0.44,-1.17,0.04,0.09
Snoopies,2016-08-26,-0.50,0.11,0.03,-0.16,0.66
Greyhounds,2016-08-26,-0.84,-0.52,0.45,-0.36,-0.90
Sexy Bitch,2016-08-26,-0.70,-1.02,1.58,-0.56,0.27
Trainwreck,2016-08-26,-0.74,0.19,0.87,0.04,1.65
Drawn,2016-08-26,-0.43,-1.06,0.51,-0.56,-0.34
Whoodeeni,2016-08-26,-0.56,0.36,1.52,-0.36,0.79
Nosed Up,2016-08-26,-0.84,-0.47,0.21,-0.76,1.87
You Go Dave (A Goldblatt Presentation),2016-08-26,-0.36,-1.39,-0.45,-1.75,0.01
Here in After,2016-08-26,-1.26,0.03,0.39,-0.16,0.35
Exodus,2016-08-26,-0.84,-0.43,-0.21,-0.36,-1.12
The Future,2004-10-05,-0.77,0.03,0.09,0.24,-0.04
Verbal Clap,2004-10-05,-0.60,1.36,-0.45,0.63,-0.25
Much More (feat. Yummy),2004-10-05,-0.81,0.86,0.33,1.03,-0.51
Shopping Bags (She Got from You),2004-10-05,-0.60,0.36,0.93,0.43,2.04
The Grind Date,2004-10-05,-0.94,1.41,0.09,1.23,1.26
Church,2004-10-05,-0.70,0.19,0.09,0.43,0.66
It's Like That (feat. Carl Thomas),2004-10-05,-0.67,0.24,-0.27,0.43,1.00
He Comes (feat. Ghostface),2004-10-05,0.30,1.07,-0.75,1.03,1.48
Days of Our Lives (feat. Common),2004-10-05,0.65,0.95,-0.57,0.43,1.82
Come On Down (feat. Flava Flav),2004-10-05,-0.63,1.45,0.75,0.83,0.31
No (feat. Butta Verses),2004-10-05,-1.05,0.32,-0.81,0.24,1.48
Rock Co.Kane Flow (feat. MF Doom),2004-10-05,-1.01,0.40,0.63,1.03,1.18
Shoomp (feat. Sean Paul),2004-10-05,-0.63,1.32,1.17,0.63,2.04
Higher We Go - Intro,2018-01-26,1.23,-0.10,1.17,1.03,-1.38
Supastars,2018-01-26,-1.39,0.44,0.93,1.03,-0.69
Narcos,2018-01-26,0.30,0.07,1.88,0.43,-1.07
BBO (Bad Bitches Only),2018-01-26,1.58,0.82,1.05,0.63,0.01
Auto Pilot,2018-01-26,0.47,0.61,1.76,0.63,-1.03
Walk It Talk It,2018-01-26,1.03,0.24,1.70,0.83,-0.34
Emoji A Chain,2018-01-26,0.82,-1.02,1.58,0.24,-0.47
CC,2018-01-26,0.61,0.61,1.35,0.43,1.43
Stir Fry,2018-01-26,2.27,1.03,1.17,0.83,0.05
Too Much Jewelry,2018-01-26,-1.43,-1.02,0.39,0.04,-1.16
Gang Gang,2018-01-26,2.20,0.11,0.09,-0.16,0.14
White Sand,2018-01-26,0.89,0.03,1.23,0.24,-0.30
Crown the Kings,2018-01-26,0.92,0.53,1.46,0.63,-0.51
Flooded,2018-01-26,0.65,-0.27,1.94,0.43,-0.73
Beast,2018-01-26,0.71,-0.47,1.58,0.24,-1.72
Open It Up,2018-01-26,0.30,1.15,0.81,1.03,-0.21
MotorSport,2018-01-26,0.75,-0.22,1.64,0.83,-1.38
Movin' Too Fast,2018-01-26,0.51,0.03,1.46,0.43,-1.33
Work Hard,2018-01-26,1.09,0.44,1.05,0.83,-0.64
Notice Me,2018-01-26,1.72,-0.97,1.05,-0.16,-0.08
Too Playa,2018-01-26,0.75,-0.27,0.57,0.24,-1.81
Made Men,2018-01-26,1.34,0.61,1.17,1.23,-0.90
Top Down On Da NAWF,2018-01-26,1.20,-0.56,1.17,0.24,-1.51
Culture National Anthem - Outro,2018-01-26,0.82,-0.10,0.51,0.43,-0.90
Culture (feat. DJ Khaled),2017-01-27,0.58,0.53,1.23,0.83,-0.73
T-Shirt,2017-01-27,0.78,0.49,1.46,1.03,0.01
Call Casting,2017-01-27,0.47,0.65,1.35,0.83,0.05
Bad and Boujee (feat. Lil Uzi Vert),2017-01-27,0.37,0.40,1.82,0.83,-1.33
Get Right Witcha,2017-01-27,0.71,0.70,1.94,0.63,0.57
